오마이걸 '퀸덤'이 낳은 최고 수혜자..기특한 '성장형 걸그룹'의...,▲ '퀸덤' 최고 수혜자로 꼽히는 오마이걸. 제공| WM엔터테인먼트 [스포티비뉴스=장진리 기자] 오마이걸이 '퀸덤'을 통해 '콘셉트 요정'에서 '콘셉트 장인'으로 거듭났다...
'퀸덤'의 최대 수혜자 오마이걸 잠재력 입증,오마이걸이 어제(31일) 방송된 Mnet '퀸덤' 파이널 경연에서 최종 2위에 차지하며 앞으로의 무한한 가능성을 입증했습니다. 이날 방송에서 오마이걸은 '퀸덤'을 통해 앞으로...
오마이걸 '퀸덤' 통해 증명한 진화하는 잠재력,한편의 잔혹 동화를 보는 것 같은 판타지 한 이미지를 만들어 내는 3차 경연을 통해 시청자들의 호평을 이끌어내며 뜨거운 화제를 모았다. 오마이걸은 ‘퀸덤’을 통해...
마마무 '퀸덤' 최종 우승..오마이걸 값진 2위,운명이었지(Destiny)'로 최종 우승을 차지했다. 사전 경연에서 2번의 1위를 했던 오마이걸은 준우승을 거머쥐었다. 마마무는 화사의 독보적 음색을 시작으로 솔라 휘인...
'퀸덤' 2등한 오마이걸..무서운 잠재력으로 매번 레전드 경신,[연예팀] 오마이걸이 ‘퀸덤’을 통해 진화하는 잠재력으로 ‘퀸마이걸’로 거듭났다. 10월31일 방송된 Mnet ‘퀸덤’ 파이널 경연에서 오마이걸은 최종 2위에 차지하며 앞...
'퀸덤' 오마이걸 퀸마이걸로 거듭났다 "최대 수혜자" [TV북마크],잠재력으로 '퀸마이걸'로 거듭났다. 지난 10월 31일 Mnet '퀸덤' 파이널 경연에서 오마이걸은 최종 2위에 차지하며 앞으로의 무한한 가능성을 입증했다. 이날 방송에서 오...
'걸그룹 컴백 전쟁' 퀸덤 최종 순위는? "1위 마마무 2위 오마이...,마지막 방송이 진행됐다. 이날 최종 우승은 마마무가 차지했다. 1위 마마무(위) 2위 오마이걸. 생방송으로 진행된 최종회에는 ▲AOA ‘쏘리’(Sorry) ▲러블리즈...
['퀸덤'종영] 마마무 최종 우승 오마이걸 누르고 '걸그룹 퀸' 우뚝,컴백 싱글 음원 점수 파이널 무대 생방송 투표 점수를 합산한 결과다. 사전경연에서는 오마이걸이 2관왕 (여자)아이들이 1관왕을 차지한 가운데 사전 음원 순위 결과는...
[SC초점]"마마무 우승 오마이걸·아이들 비상 AOA 재도약"..'퀸...,문라이트(Moonlight)' 박봄의 '되돌릴 수 없는 돌아갈 수 없는 돌아갈 곳 없는' 오마이걸의 '게릴라(Guerilla)' (여자)아이들의 '라이온(Lion)' 마마무의 '우린 결국...
마마무부터 오마이걸까지…'퀸덤' 女돌의 뜻깊은 재발견,미를 거뒀다. 이날 방송에서는 러블리즈 마마무 박봄 AOA (여자)아이들 오마이걸의 파이널 컴백 무대가 담겼다. AOA는 신곡 '쏘리'(Sorry)를 통해 서부 영화 속 카우...
'퀸덤' 마마무 최종 우승 "더 멋진 음악 할 힘 생겨"..2위는 오...,곡 '우린 결국 다시 만날 운명이었지(Destiny)'로 최종 우승을 차지했다. 2위는 오마이걸이었다. 이날 마지막 순서로 무대에 오른 마마무는 서부 영화의 콘셉트로 걸크러시...
오마이걸 "'퀸덤' 통해 많은 것 배워.. 잊지 못할 감동"(인터뷰),그룹 오마이걸(사진=WM엔터테인먼트) [이데일리 스타in 윤기백 기자] “‘퀸덤’을 하면서 오마이걸이 앞으로 더 힘찬 날개짓을 할 수 있는 힘이 생긴 것 같아요.” 그룹 오...
'콘셉트 요정→장인 성장' 오마이걸 "'퀸덤' 참여 영광..미라클이...,불리며 '콘셉트 요정'에 이어 '콘셉트 장인'이라는 수식어를 얻었다. 이날 오마이걸은 '항해'를 콘셉트로 '게릴라(Guerilla)' 무대를 펼쳤다. 밧줄 퍼포먼스를 비롯해 어둠...
[종합IS] '퀸덤' 마마무 최종 우승..오마이걸 2위,남겼다. '퀸덤'의 수혜자라는 평을 들을 정도로 매 경연 무대에서 호평을 이끌어낸 오마이걸은 이날 역시 기대 이상의 무대로 실력 발휘를 했다. 한편 '퀸덤'은 같은 날...
'퀸덤' 오마이걸 파이널 경연 인증샷 "미라클 최고",마이걸 공식 SNS 제공 걸그룹 오마이걸이 ‘퀸덤’ 파이널 경연 인증샷을 공개했다. 1일 오마이걸은 공식 SNS에 “191031 Mnet ‘컴백전쟁 : 퀸덤’ 매회 멋진 모습으로...
오마이걸의 재발견 '성장형 걸그룹'의 표본,매경닷컴 MK스포츠 손진아 기자 '콘셉트 요정' 오마이걸(OH MY GIRL)이 '퀸덤'을 통해 진화하는 잠재력으로 '퀸마이걸'로 거듭났다. 지난 10월 31일 방송된 Mnet '퀸덤...
