제목,채널명,재생수,좋아요수
이재성 6호골 "재성 리~!를 외치는 홈팬들" 2경기 연속득점,분데스리가_네이버스포츠,152385,307
시작부터 꿀잼예상 난리법석 인물퀴즈 시작합니다!,신서유기7,64368,1132
[선공개] 브아걸의 섹시 콘셉트 갈등♨ 가인은 고급 나르샤는 싼..티(??),아는 형님,32892,223
"세상에 이런 일이" 몸풀던 후보선수가 볼을 건드려 PK,분데스리가_네이버스포츠,97768,94
내 고막 풍요로움 담당 듀오♥ 김필x박정현 '사랑보다 깊은 상처'♬,비긴어게인3,89181,1709
늦었다고 느꼈을땐 이미 너무 늦었다 (feat.조지니),신서유기7,73130,861
'이게 전부 볼이라고?' 볼 판정에 극대노하는 산체스,MLB 핫클립,41885,69
다시한번 말하지만 뒤늦은 납량특집 아닙니다.,신서유기7,48419,451
뭐지..? 이 분위기..? 사랑의 벽 앞에서 다정한 혜연&충재 (와장창),나 혼자 산다,88369,585
사무엘 VS 충재 모델 한을 두고 펼치는 두 화가의 한판 승부♨,나 혼자 산다,70251,474
[전체HL] '박세혁 맹활약-후랭코프 호투' 두산 키움에 KS 파죽의 3연승,KBO리그 키움 홈경기 영상,150782,961
사실 조지니의 이표정이 너무 귀여웠어...,신서유기7,40513,620
크레모나 대성당을 흥에 적셔버린 더 패밀리 밴드의 'Closer'♬,비긴어게인3,48906,1222
진짜 너무 소름 돋는 타이밍 방 오빠의 돌직구 고백 갑니다♨,나 혼자 산다,51942,523
[선공개] 유플래쉬 드럼독주회 마지막 이야기. 마왕  故신해철의 미발표곡 제작과정 공개! (with 이승환 하현우),놀면 뭐하니? :유플래쉬X뽕포유,9128,342
통영 홍합...전어도 중요한데 심포지엄은 대체 언제해요?!,신서유기7,39079,374
제주항공 '공포의 40분'...탑승객 "죽을 수 있다 생각",뉴스는 YTN,28817,23
헨리가 ♥하는 바이올린으로 재해석한 '사계' 중 '겨울'♬ 즉흥 연주,비긴어게인3,58649,1597
시즌7 첫등장! '시그널 퀴즈' 시작하기전에 일단 싸우고 본다,신서유기7,57660,859
(애틋) 김설현에 진심을 전하는 양세종 ＂그리웠다 네가＂,나의 나라,53378,639
신서~ 유깃! (이미 모두 다 아는) 이번시즌 분장을 소개합니다!,신서유기7,42238,398
무사만루를 수포로 돌린 치명적인 주루 미스 / 7회말,KBO리그 키움 홈경기 영상,215384,766
"2경기 연속득점" 이재성 주요장면,분데스리가_네이버스포츠,24082,28
동남아 순회공연이고 뭐고 일단 정답부터 맞히고 보자,신서유기7,44321,495
오늘도 시작된 화사 먹방@@@ 가볍게 닭꼬치부터 시작..ㅎ,나 혼자 산다,40098,566
호동은 이러케 강묘한이 되었습니다...(저희가 시킨거 아니에요ㅠ),신서유기7,37183,315
[Oh! 모션]강다니엘’쌀쌀한 가을 추위도 녹이는 인간 난로’,OSEN 연예,24268,3167
랍패스가 골대로 빨려 들어가는 보기 드문 장면,NBA (SPOTV),22307,23
추억의 고깔고깔!? 업그레이드 돼서 돌아왔다! ＜고깔고깔 림보림보 대작전＞,신서유기7,25850,414
※최초공개※ 신종꼴뵈기시르미 등장!!! 안구주의!!!,신서유기7,39397,387
(♡사랑스러워♡) 사랑스러움 팡팡 터지는♥ 수현 '애상'♬,비긴어게인3,34677,778
[인물퀴즈] 굉장히 유명한 유명한 우리나라 굉장히 유명한 그....뚱뚱이!?,신서유기7,29929,226
영혼의 단짝 화사&휘인 중딩 갬성(?) 터지는 교복 여행♬,나 혼자 산다,38216,675
홍학부터 인간문화재까지!! ＜고깔고깔 축구축구 대작전＞,신서유기7,25371,559
그가 온다.. 혜연이 있는 곳으로.. 충재가 온다..☆ (샤랄라),나 혼자 산다,46908,318
김해공항 이륙 제주항공 '기체 이상' 긴급회항..."승객들 공포의 40분",뉴스는 YTN,27120,20
하루매출 150만원 2억 들여차린 개인커피숍의 순수익 2부,직업의모든것,117994,279
손흥민 이마저 뚫는다면 진짜 인정 좀 하자!!! [리버풀vs토트넘 프리뷰],달수네라이브,45341,71
이 한번 쑤셔주는 여중생 바이브..☆ 다 때려 뿌순(?) 학교 도착!,나 혼자 산다,32897,491
미모는 매일 갱신! 매력은 오조오억! 다 가진 뉴이스트의 LOVE ME♬,유희열의 스케치북,17484,2813
[네.야.수] "와 진짜 너무한 거 아니냐?",KBO리그_네이버스포츠,18443,64
LOVE ME - 뉴이스트(NU‘EST),뮤직뱅크,45604,4561
＂꽃파당에 대해 알려다오.＂ 정체가 걸린 제안을 받은 박지훈..!,조선혼담공작소 꽃파당,323883,3630
파리 출국 D-3 나래 취향 저격하는 옷이 한가득! 멋지다 한혜연★,나 혼자 산다,29927,178
♨신명나는 망치질 비트♨ 징글징글한 우정 반지 만들기!,나 혼자 산다,25971,586
더 깊은 사랑을 꿈꾸고 싶게 만드는 박정현x임헌일 'IF'♬,비긴어게인3,32101,837
제 1회 세계도사심포지엄 신문지 vs 돗자리!,신서유기7,21006,506
혜연의 심기를 건드는 화사의 발언♨ 26살 된다고 나이 타령..?,나 혼자 산다,30119,412
보컬 천재만재 렌의 Shallow (영화 ＜스타이즈본＞ 中) 20120315번 들으새오ㅠ♬,유희열의 스케치북,14943,2200
우리근데뭐하려고 모였더라?! 그건 모르겠고 일단 웃겨드려요 ),신서유기7,93266,1642
